density,seed,alpha_beta,result,captured_by,turns,v1_avg_states,v1_avg_ms,v2_avg_states,v2_avg_ms,v2_avg_path_len
low,1,True,caught,vampire2,9,28.4,0.068,8.2,0.016,7.2
low,1,False,caught,vampire2,9,34.6,0.077,8.2,0.014,7.2
low,2,True,caught,vampire2,9,30.8,0.061,8.2,0.014,7.2
low,2,False,caught,vampire2,9,37.2,0.073,8.2,0.014,7.2
low,3,True,caught,vampire2,9,30.8,0.06,8.2,0.015,7.2
low,3,False,caught,vampire2,9,37.2,0.07,8.2,0.015,7.2
low,4,True,caught,vampire1,25,32.6,0.064,9.4,0.016,5.9
low,4,False,caught,vampire1,25,41.8,0.084,9.4,0.017,5.9
low,5,True,caught,vampire2,9,30.8,0.062,8.2,0.015,7.2
low,5,False,caught,vampire2,9,37.2,0.07,8.2,0.013,7.2
low,6,True,caught,vampire2,9,30.0,0.059,8.2,0.014,7.2
low,6,False,caught,vampire2,9,34.6,0.065,8.2,0.014,7.2
low,7,True,caught,vampire2,9,30.8,0.06,8.2,0.014,7.2
low,7,False,caught,vampire2,9,37.2,0.068,8.2,0.013,7.2
low,8,True,caught,vampire2,9,30.8,0.058,8.2,0.013,7.2
low,8,False,caught,vampire2,9,37.2,0.067,8.2,0.013,7.2
low,9,True,caught,vampire2,9,30.8,0.058,8.2,0.013,7.2
low,9,False,caught,vampire2,9,37.2,0.068,8.2,0.013,7.2
low,10,True,caught,vampire2,9,30.8,0.056,8.2,0.013,7.2
low,10,False,caught,vampire2,9,37.2,0.068,8.2,0.013,7.2
low,11,True,caught,vampire2,9,30.8,0.058,8.2,0.013,7.2
low,11,False,caught,vampire2,9,37.2,0.068,8.2,0.013,7.2
low,12,True,caught,vampire2,9,30.8,0.061,8.2,0.013,7.2
low,12,False,caught,vampire2,9,37.2,0.068,8.2,0.013,7.2
low,13,True,caught,vampire2,10,31.7,0.059,11.8,0.019,8.0
low,13,False,caught,vampire2,10,38.2,0.07,11.8,0.019,8.0
low,14,True,caught,vampire2,9,30.8,0.058,8.2,0.013,7.2
low,14,False,caught,vampire2,9,37.2,0.069,8.2,0.013,7.2
low,15,True,caught,vampire2,9,27.8,0.053,8.2,0.013,7.2
low,15,False,caught,vampire2,9,33.4,0.062,8.2,0.013,7.2
low,16,True,caught,vampire2,9,30.8,0.058,8.2,0.013,7.2
low,16,False,caught,vampire2,9,37.2,0.097,8.2,0.017,7.2
low,17,True,caught,vampire2,9,30.8,0.058,8.2,0.013,7.2
low,17,False,caught,vampire2,9,37.2,0.069,8.2,0.014,7.2
low,18,True,caught,vampire2,9,30.8,0.076,8.2,0.02,7.2
low,18,False,caught,vampire2,9,37.2,0.068,8.2,0.013,7.2
low,19,True,caught,vampire2,9,27.8,0.053,8.2,0.013,7.2
low,19,False,caught,vampire2,9,33.4,0.063,8.2,0.013,7.2
low,20,True,escaped,-,28,46.9,0.087,35.4,0.059,11.9
low,20,False,escaped,-,28,65.2,0.117,35.4,0.059,11.9
medium,1,True,caught,vampire2,9,28.4,0.054,8.2,0.013,7.2
medium,1,False,caught,vampire2,9,34.6,0.064,8.2,0.013,7.2
medium,2,True,escaped,-,28,46.3,0.086,41.3,0.065,12.9
medium,2,False,escaped,-,28,65.1,0.116,41.3,0.064,12.9
medium,3,True,caught,vampire2,9,30.8,0.059,8.2,0.013,7.2
medium,3,False,caught,vampire2,9,37.2,0.068,8.2,0.016,7.2
medium,4,True,escaped,-,28,40.1,0.074,9.3,0.015,5.9
medium,4,False,escaped,-,28,50.5,0.092,9.3,0.015,5.9
medium,5,True,caught,vampire2,9,30.8,0.058,8.2,0.013,7.2
medium,5,False,caught,vampire2,9,37.2,0.068,8.2,0.013,7.2
medium,6,True,caught,vampire2,9,30.0,0.058,8.2,0.013,7.2
medium,6,False,caught,vampire2,9,34.6,0.064,8.2,0.013,7.2
medium,7,True,caught,vampire2,9,30.0,0.056,8.2,0.013,7.2
medium,7,False,caught,vampire2,9,36.2,0.067,8.2,0.013,7.2
medium,8,True,caught,vampire2,9,30.8,0.058,8.2,0.013,7.2
medium,8,False,caught,vampire2,9,37.2,0.068,8.2,0.017,7.2
medium,9,True,caught,vampire2,9,30.8,0.058,8.2,0.013,7.2
medium,9,False,caught,vampire2,9,37.2,0.068,8.2,0.013,7.2
medium,10,True,caught,vampire1,25,36.7,0.068,18.8,0.031,8.4
medium,10,False,caught,vampire1,25,48.3,0.089,18.8,0.031,8.4
medium,11,True,caught,vampire2,9,27.0,0.081,8.2,0.019,7.2
medium,11,False,caught,vampire2,9,32.0,0.083,8.2,0.02,7.2
medium,12,True,caught,vampire2,9,30.8,0.061,8.2,0.013,7.2
medium,12,False,caught,vampire2,9,37.2,0.068,8.2,0.014,7.2
medium,13,True,caught,vampire2,10,31.0,0.058,9.8,0.016,8.0
medium,13,False,caught,vampire2,10,36.0,0.067,9.8,0.018,8.0
medium,14,True,caught,vampire2,9,30.8,0.058,8.2,0.014,7.2
medium,14,False,caught,vampire2,9,37.2,0.069,8.2,0.013,7.2
medium,15,True,caught,vampire2,9,26.2,0.049,8.2,0.013,7.2
medium,15,False,caught,vampire2,9,28.0,0.052,8.2,0.013,7.2
medium,16,True,escaped,-,28,43.9,0.099,33.2,0.061,12.9
medium,16,False,escaped,-,28,60.8,0.111,33.2,0.053,12.9
medium,17,True,caught,vampire2,13,32.9,0.08,28.0,0.061,10.3
medium,17,False,caught,vampire2,13,42.2,0.079,28.0,0.044,10.3
medium,18,True,caught,vampire2,9,30.8,0.059,8.2,0.014,7.2
medium,18,False,caught,vampire2,9,37.2,0.068,8.2,0.013,7.2
medium,19,True,caught,vampire2,9,27.8,0.053,8.2,0.013,7.2
medium,19,False,caught,vampire2,9,33.4,0.064,8.2,0.013,7.2
medium,20,True,escaped,-,28,43.0,0.081,30.4,0.051,11.9
medium,20,False,escaped,-,28,57.6,0.106,30.4,0.05,11.9
high,1,True,caught,vampire2,18,31.7,0.061,35.4,0.056,14.7
high,1,False,caught,vampire2,18,40.6,0.077,35.4,0.055,14.7
high,2,True,caught,vampire1,11,26.0,0.067,116.3,0.224,28.7
high,2,False,caught,vampire1,11,36.0,0.067,116.3,0.177,28.7
high,3,True,caught,vampire2,9,26.4,0.053,8.2,0.012,7.2
high,3,False,caught,vampire2,9,29.4,0.054,8.2,0.011,7.2
high,4,True,caught,vampire2,17,31.8,0.101,27.2,0.058,13.9
high,4,False,caught,vampire2,17,39.7,0.073,27.2,0.042,13.9
high,5,True,caught,vampire2,9,30.8,0.058,8.2,0.012,7.2
high,5,False,caught,vampire2,9,37.0,0.069,8.2,0.012,7.2
high,6,True,caught,vampire2,9,30.0,0.059,8.2,0.014,7.2
high,6,False,caught,vampire2,9,34.6,0.064,8.2,0.013,7.2
high,7,True,caught,vampire2,9,26.2,0.051,8.2,0.014,7.2
high,7,False,caught,vampire2,9,30.6,0.057,8.2,0.013,7.2
high,8,True,caught,vampire1,19,30.8,0.059,6.3,0.01,5.0
high,8,False,caught,vampire1,19,39.8,0.073,6.3,0.01,5.0
high,9,True,caught,vampire1,18,36.8,0.071,104.3,0.161,30.7
high,9,False,caught,vampire1,18,55.0,0.101,104.3,0.16,30.7
high,10,True,caught,vampire1,26,29.3,0.055,16.9,0.028,8.5
high,10,False,caught,vampire1,26,36.1,0.067,16.9,0.028,8.5
high,11,True,escaped,-,34,30.2,0.057,28.7,0.047,11.1
high,11,False,escaped,-,34,36.6,0.071,28.7,0.047,11.1
high,12,True,caught,vampire2,15,32.7,0.065,26.6,0.051,12.3
high,12,False,caught,vampire2,15,40.6,0.076,26.6,0.042,12.3
high,13,True,caught,vampire1,18,38.6,0.072,74.0,0.115,22.7
high,13,False,caught,vampire1,18,52.3,0.095,74.0,0.116,22.7
high,14,True,caught,vampire2,9,30.8,0.063,8.2,0.014,7.2
high,14,False,caught,vampire2,9,37.2,0.068,8.2,0.013,7.2
high,15,True,escaped,-,28,37.7,0.073,8.3,0.014,5.4
high,15,False,escaped,-,28,47.4,0.087,8.3,0.014,5.4
high,16,True,caught,vampire2,19,38.5,0.08,35.5,0.062,15.5
high,16,False,caught,vampire2,19,52.5,0.103,35.5,0.064,15.5
high,17,True,caught,vampire1,18,40.0,0.08,24.8,0.04,13.0
high,17,False,caught,vampire1,18,57.0,0.111,24.8,0.04,13.0
high,18,True,caught,vampire1,9,21.0,0.043,36.6,0.057,16.8
high,18,False,caught,vampire1,9,27.8,0.055,36.6,0.057,16.8
high,19,True,caught,vampire2,9,24.6,0.05,8.2,0.015,7.2
high,19,False,caught,vampire2,9,28.4,0.057,8.2,0.014,7.2
high,20,True,escaped,-,28,41.4,0.082,29.9,0.052,12.5
high,20,False,escaped,-,28,53.7,0.104,29.9,0.051,12.5
