level,turn,agent,algorithm,states_explored,time_ms
1,3,vampire2,A*,53,0.213
1,3,vampire1,Minimax+AlphaBeta,22,0.154
1,5,vampire2,A*,58,0.271
1,5,vampire1,Minimax+AlphaBeta,34,0.186
1,7,vampire2,A*,44,0.201
1,7,vampire1,Minimax+AlphaBeta,45,0.228
1,9,vampire2,A*,31,0.125
1,9,vampire1,Minimax+AlphaBeta,47,0.182
1,11,vampire2,A*,18,0.083
1,11,vampire1,Minimax+AlphaBeta,47,0.183
1,13,vampire2,A*,5,0.042
1,13,vampire1,Minimax+AlphaBeta,53,0.213
1,15,vampire2,A*,12,0.067
1,15,vampire1,Minimax+AlphaBeta,53,0.172
1,17,vampire2,A*,15,0.073
1,17,vampire1,Minimax+AlphaBeta,53,0.15
1,19,vampire2,A*,14,0.107
1,19,vampire1,Minimax+AlphaBeta,53,0.176
1,21,vampire2,A*,21,0.088
1,21,vampire1,Minimax+AlphaBeta,45,0.173
1,23,vampire2,A*,18,0.091
1,23,vampire1,Minimax+AlphaBeta,45,0.366
1,26,vampire2,A*,12,0.069
1,26,vampire1,Minimax+AlphaBeta,45,0.194
2,2,vampire2,A*,38,0.137
2,2,vampire1,Minimax+AlphaBeta,22,0.24
2,4,vampire2,A*,56,0.197
2,4,vampire1,Minimax+AlphaBeta,28,0.131
2,6,vampire2,A*,51,0.17
2,6,vampire1,Minimax+AlphaBeta,28,0.12
2,7,vampire2,A*,51,0.2
2,7,vampire1,Minimax+AlphaBeta,34,0.166
2,9,vampire2,A*,43,0.098
2,9,vampire1,Minimax+AlphaBeta,34,0.093
2,11,vampire2,A*,33,0.084
2,11,vampire1,Minimax+AlphaBeta,34,0.092
2,12,vampire2,A*,26,0.138
2,12,vampire1,Minimax+AlphaBeta,34,0.115
2,14,vampire2,A*,25,0.098
2,14,vampire1,Minimax+AlphaBeta,40,0.158
2,16,vampire2,A*,26,0.108
2,16,vampire1,Minimax+AlphaBeta,41,0.161
2,17,vampire2,A*,21,0.1
2,17,vampire1,Minimax+AlphaBeta,28,0.128
2,19,vampire2,A*,30,0.147
2,19,vampire1,Minimax+AlphaBeta,25,0.15
2,21,vampire2,A*,32,0.136
2,21,vampire1,Minimax+AlphaBeta,25,0.148
2,22,vampire2,A*,29,0.108
2,22,vampire1,Minimax+AlphaBeta,23,0.083
2,24,vampire2,A*,31,0.132
2,24,vampire1,Minimax+AlphaBeta,34,0.203
2,26,vampire2,A*,39,0.149
2,26,vampire1,Minimax+AlphaBeta,34,0.15
2,27,vampire2,A*,46,0.104
2,27,vampire1,Minimax+AlphaBeta,34,0.151
2,29,vampire2,A*,56,0.199
2,29,vampire1,Minimax+AlphaBeta,34,0.096
2,31,vampire2,A*,70,0.15
2,31,vampire1,Minimax+AlphaBeta,33,0.095
2,32,vampire2,A*,68,0.22
2,32,vampire1,Minimax+AlphaBeta,42,0.171
2,34,vampire2,A*,31,0.159
2,34,vampire1,Minimax+AlphaBeta,49,0.231
2,36,vampire2,A*,29,0.125
2,36,vampire1,Minimax+AlphaBeta,55,0.22
2,37,vampire2,A*,34,0.168
2,37,vampire1,Minimax+AlphaBeta,44,0.154
2,39,vampire2,A*,37,0.146
2,39,vampire1,Minimax+AlphaBeta,43,0.185
3,2,vampire2,A*,39,0.151
3,2,vampire1,Minimax+AlphaBeta,44,0.202
3,3,vampire2,A*,27,0.143
3,3,vampire1,Minimax+AlphaBeta,62,0.348
3,5,vampire2,A*,20,0.12
3,5,vampire1,Minimax+AlphaBeta,113,0.279
3,6,vampire2,A*,18,0.083
3,6,vampire1,Minimax+AlphaBeta,126,0.31
3,7,vampire2,A*,15,0.076
3,7,vampire1,Minimax+AlphaBeta,126,0.442
3,9,vampire2,A*,11,0.079
3,9,vampire1,Minimax+AlphaBeta,128,0.505
3,10,vampire2,A*,8,0.056
3,10,vampire1,Minimax+AlphaBeta,128,0.576
3,12,vampire2,A*,14,0.068
3,12,vampire1,Minimax+AlphaBeta,145,0.473
3,13,vampire2,A*,17,0.073
3,13,vampire1,Minimax+AlphaBeta,109,0.377
3,14,vampire2,A*,12,0.059
3,14,vampire1,Minimax+AlphaBeta,109,0.452
3,16,vampire2,A*,4,0.036
3,16,vampire1,Minimax+AlphaBeta,112,0.429
3,17,vampire2,A*,3,0.022
3,17,vampire1,Minimax+AlphaBeta,67,0.163
3,19,vampire2,A*,6,0.047
3,19,vampire1,Minimax+AlphaBeta,80,0.316
3,20,vampire2,A*,6,0.062
3,20,vampire1,Minimax+AlphaBeta,103,0.261
3,21,vampire2,A*,6,0.045
3,21,vampire1,Minimax+AlphaBeta,85,0.318
3,23,vampire2,A*,9,0.05
3,23,vampire1,Minimax+AlphaBeta,86,0.301
3,24,vampire2,A*,7,0.07
3,24,vampire1,Minimax+AlphaBeta,73,0.249
3,26,vampire2,A*,9,0.057
3,26,vampire1,Minimax+AlphaBeta,86,0.233
3,27,vampire2,A*,10,0.058
3,27,vampire1,Minimax+AlphaBeta,63,0.31
3,28,vampire2,A*,9,0.039
3,28,vampire1,Minimax+AlphaBeta,57,0.146
3,30,vampire2,A*,7,0.048
3,30,vampire1,Minimax+AlphaBeta,48,0.193
3,31,vampire2,A*,7,0.049
3,31,vampire1,Minimax+AlphaBeta,40,0.193
3,32,vampire2,A*,7,0.048
3,32,vampire1,Minimax+AlphaBeta,38,0.107
3,34,vampire2,A*,8,0.049
3,34,vampire1,Minimax+AlphaBeta,37,0.17
3,35,vampire2,A*,14,0.068
3,35,vampire1,Minimax+AlphaBeta,46,0.148
3,37,vampire2,A*,22,0.066
3,37,vampire1,Minimax+AlphaBeta,47,0.12
3,38,vampire2,A*,15,0.076
3,38,vampire1,Minimax+AlphaBeta,81,0.32
3,39,vampire2,A*,8,0.07
3,39,vampire1,Minimax+AlphaBeta,136,0.518
3,41,vampire2,A*,12,0.084
3,41,vampire1,Minimax+AlphaBeta,70,0.313
3,42,vampire2,A*,10,0.059
3,42,vampire1,Minimax+AlphaBeta,30,0.135
3,2,vampire2,A*,53,0.181
3,2,vampire1,Minimax+AlphaBeta,55,0.23
3,3,vampire2,A*,43,0.163
3,3,vampire1,Minimax+AlphaBeta,104,0.416
3,5,vampire2,A*,30,0.126
3,5,vampire1,Minimax+AlphaBeta,120,0.333
3,6,vampire2,A*,27,0.149
3,6,vampire1,Minimax+AlphaBeta,120,0.263
3,7,vampire2,A*,23,0.134
3,7,vampire1,Minimax+AlphaBeta,120,0.303
3,9,vampire2,A*,16,0.054
3,9,vampire1,Minimax+AlphaBeta,122,0.267
3,10,vampire2,A*,11,0.084
3,10,vampire1,Minimax+AlphaBeta,122,0.329
3,12,vampire2,A*,4,0.025
3,12,vampire1,Minimax+AlphaBeta,97,0.223
3,13,vampire2,A*,4,0.042
3,13,vampire1,Minimax+AlphaBeta,111,0.277
3,14,vampire2,A*,4,0.05
3,14,vampire1,Minimax+AlphaBeta,83,0.313
3,16,vampire2,A*,8,0.063
3,16,vampire1,Minimax+AlphaBeta,126,0.467
3,17,vampire2,A*,8,0.049
3,17,vampire1,Minimax+AlphaBeta,84,0.3
3,19,vampire2,A*,12,0.068
3,19,vampire1,Minimax+AlphaBeta,85,0.212
3,20,vampire2,A*,6,0.049
3,20,vampire1,Minimax+AlphaBeta,85,0.336
3,21,vampire2,A*,6,0.045
3,21,vampire1,Minimax+AlphaBeta,85,0.296
3,23,vampire2,A*,9,0.057
3,23,vampire1,Minimax+AlphaBeta,86,0.229
3,24,vampire2,A*,7,0.042
3,24,vampire1,Minimax+AlphaBeta,73,0.262
3,26,vampire2,A*,6,0.059
3,26,vampire1,Minimax+AlphaBeta,142,0.358
3,27,vampire2,A*,9,0.052
3,27,vampire1,Minimax+AlphaBeta,100,0.356
3,28,vampire2,A*,10,0.04
3,28,vampire1,Minimax+AlphaBeta,65,0.159
3,30,vampire2,A*,11,0.042
3,30,vampire1,Minimax+AlphaBeta,54,0.141
3,31,vampire2,A*,12,0.043
3,31,vampire1,Minimax+AlphaBeta,46,0.121
3,32,vampire2,A*,12,0.067
3,32,vampire1,Minimax+AlphaBeta,45,0.159
3,34,vampire2,A*,16,0.07
3,34,vampire1,Minimax+AlphaBeta,40,0.166
3,35,vampire2,A*,14,0.046
3,35,vampire1,Minimax+AlphaBeta,45,0.12
3,37,vampire2,A*,19,0.057
3,37,vampire1,Minimax+AlphaBeta,67,0.16
3,38,vampire2,A*,21,0.089
3,38,vampire1,Minimax+AlphaBeta,67,0.248
3,39,vampire2,A*,21,0.113
3,39,vampire1,Minimax+AlphaBeta,67,0.192
3,41,vampire2,A*,22,0.13
3,41,vampire1,Minimax+AlphaBeta,79,0.216
3,42,vampire2,A*,17,0.104
3,42,vampire1,Minimax+AlphaBeta,84,0.339
3,44,vampire2,A*,11,0.061
3,44,vampire1,Minimax+AlphaBeta,103,0.359
3,45,vampire2,A*,11,0.093
3,45,vampire1,Minimax+AlphaBeta,101,0.343
3,46,vampire2,A*,20,0.119
3,46,vampire1,Minimax+AlphaBeta,143,0.348
3,48,vampire2,A*,28,0.114
3,48,vampire1,Minimax+AlphaBeta,155,0.565
3,49,vampire2,A*,31,0.078
3,49,vampire1,Minimax+AlphaBeta,112,0.423
4,2,vampire2,A*,108,0.331
4,2,vampire1,Minimax+AlphaBeta,70,0.283
4,3,vampire2,A*,105,0.329
4,3,vampire1,Minimax+AlphaBeta,85,0.33
4,4,vampire2,A*,92,0.272
4,4,vampire1,Minimax+AlphaBeta,82,0.296
4,5,vampire2,A*,91,0.272
4,5,vampire1,Minimax+AlphaBeta,69,0.23
4,6,vampire2,A*,90,0.265
4,6,vampire1,Minimax+AlphaBeta,80,0.31
4,8,vampire2,A*,86,0.205
4,8,vampire1,Minimax+AlphaBeta,85,0.216
4,9,vampire2,A*,84,0.235
4,9,vampire1,Minimax+AlphaBeta,59,0.168
4,10,vampire2,A*,82,0.272
4,10,vampire1,Minimax+AlphaBeta,83,0.257
4,11,vampire2,A*,79,0.24
4,11,vampire1,Minimax+AlphaBeta,107,0.366
4,12,vampire2,A*,76,0.226
4,12,vampire1,Minimax+AlphaBeta,73,0.264
4,14,vampire2,A*,69,0.238
4,14,vampire1,Minimax+AlphaBeta,69,0.275
4,15,vampire2,A*,61,0.192
4,15,vampire1,Minimax+AlphaBeta,69,0.168
4,16,vampire2,A*,52,0.117
4,16,vampire1,Minimax+AlphaBeta,69,0.166
4,17,vampire2,A*,43,0.155
4,17,vampire1,Minimax+AlphaBeta,59,0.24
4,18,vampire2,A*,31,0.082
4,18,vampire1,Minimax+AlphaBeta,77,0.181
4,20,vampire2,A*,17,0.086
4,20,vampire1,Minimax+AlphaBeta,71,0.17
4,21,vampire2,A*,10,0.042
4,21,vampire1,Minimax+AlphaBeta,71,0.281
4,22,vampire2,A*,6,0.047
4,22,vampire1,Minimax+AlphaBeta,85,0.318
4,23,vampire2,A*,6,0.051
4,23,vampire1,Minimax+AlphaBeta,68,0.191
4,24,vampire2,A*,6,0.049
4,24,vampire1,Minimax+AlphaBeta,50,0.155
4,26,vampire2,A*,9,0.049
4,26,vampire1,Minimax+AlphaBeta,91,0.315
4,27,vampire2,A*,8,0.049
4,27,vampire1,Minimax+AlphaBeta,76,0.269
4,28,vampire2,A*,7,0.046
4,28,vampire1,Minimax+AlphaBeta,112,0.454
4,29,vampire2,A*,8,0.051
4,29,vampire1,Minimax+AlphaBeta,65,0.316
5,2,vampire2,A*,40,0.148
5,2,vampire1,Minimax+AlphaBeta,55,0.228
5,3,vampire2,A*,36,0.134
5,3,vampire1,Minimax+AlphaBeta,84,0.322
5,4,vampire2,A*,33,0.104
5,4,vampire1,Minimax+AlphaBeta,92,0.23
5,5,vampire2,A*,30,0.092
5,5,vampire1,Minimax+AlphaBeta,92,0.203
5,6,vampire2,A*,19,0.124
5,6,vampire1,Minimax+AlphaBeta,108,0.271
5,7,vampire2,A*,9,0.038
5,7,vampire1,Minimax+AlphaBeta,93,0.324
5,8,vampire2,A*,7,0.047
5,8,vampire1,Minimax+AlphaBeta,93,0.427
5,9,vampire2,A*,5,0.027
5,9,vampire1,Minimax+AlphaBeta,93,0.21
5,10,vampire2,A*,3,0.03
5,10,vampire1,Minimax+AlphaBeta,71,0.284
5,11,vampire2,A*,3,0.036
5,11,vampire1,Minimax+AlphaBeta,41,0.188
5,12,vampire2,A*,4,0.034
5,12,vampire1,Minimax+AlphaBeta,66,0.218
5,13,vampire2,A*,4,0.047
5,13,vampire1,Minimax+AlphaBeta,72,0.29
5,14,vampire2,A*,4,0.023
5,14,vampire1,Minimax+AlphaBeta,83,0.197
5,15,vampire2,A*,3,0.035
5,15,vampire1,Minimax+AlphaBeta,61,0.27
5,16,vampire2,A*,4,0.034
5,16,vampire1,Minimax+AlphaBeta,71,0.289
5,17,vampire2,A*,4,0.053
5,17,vampire1,Minimax+AlphaBeta,71,0.234
5,18,vampire2,A*,4,0.035
5,18,vampire1,Minimax+AlphaBeta,55,0.236
5,19,vampire2,A*,4,0.042
5,19,vampire1,Minimax+AlphaBeta,54,0.172
5,20,vampire2,A*,3,0.027
5,20,vampire1,Minimax+AlphaBeta,48,0.187
5,21,vampire2,A*,3,0.034
5,21,vampire1,Minimax+AlphaBeta,68,0.316
5,22,vampire2,A*,3,0.023
5,22,vampire1,Minimax+AlphaBeta,66,0.273
5,23,vampire2,A*,4,0.04
5,23,vampire1,Minimax+AlphaBeta,39,0.156
5,24,vampire2,A*,4,0.04
5,24,vampire1,Minimax+AlphaBeta,39,0.199
5,26,vampire2,A*,6,0.041
5,26,vampire1,Minimax+AlphaBeta,41,0.113
5,27,vampire2,A*,6,0.028
5,27,vampire1,Minimax+AlphaBeta,41,0.112
5,28,vampire2,A*,6,0.045
5,28,vampire1,Minimax+AlphaBeta,41,0.138
5,29,vampire2,A*,6,0.027
5,29,vampire1,Minimax+AlphaBeta,42,0.115
5,30,vampire2,A*,6,0.039
5,30,vampire1,Minimax+AlphaBeta,47,0.19
5,31,vampire2,A*,6,0.042
5,31,vampire1,Minimax+AlphaBeta,49,0.221
5,32,vampire2,A*,6,0.056
5,32,vampire1,Minimax+AlphaBeta,67,0.245
5,33,vampire2,A*,4,0.036
5,33,vampire1,Minimax+AlphaBeta,115,0.344
5,34,vampire2,A*,6,0.063
5,34,vampire1,Minimax+AlphaBeta,109,0.272
5,35,vampire2,A*,5,0.039
5,35,vampire1,Minimax+AlphaBeta,113,0.384
5,36,vampire2,A*,4,0.056
5,36,vampire1,Minimax+AlphaBeta,89,0.248
5,37,vampire2,A*,4,0.032
5,37,vampire1,Minimax+AlphaBeta,83,0.294
5,38,vampire2,A*,4,0.031
5,38,vampire1,Minimax+AlphaBeta,83,0.301
5,39,vampire2,A*,4,0.049
5,39,vampire1,Minimax+AlphaBeta,83,0.225
5,40,vampire2,A*,4,0.048
5,40,vampire1,Minimax+AlphaBeta,83,0.218
5,41,vampire2,A*,4,0.043
5,41,vampire1,Minimax+AlphaBeta,83,0.219
5,42,vampire2,A*,6,0.028
5,42,vampire1,Minimax+AlphaBeta,94,0.212
5,43,vampire2,A*,6,0.042
5,43,vampire1,Minimax+AlphaBeta,111,0.446
5,44,vampire2,A*,5,0.035
5,44,vampire1,Minimax+AlphaBeta,91,0.325
5,45,vampire2,A*,4,0.034
5,45,vampire1,Minimax+AlphaBeta,30,0.135
5,2,vampire2,A*,32,0.083
5,2,vampire1,Minimax+AlphaBeta,63,0.154
5,3,vampire2,A*,29,0.136
5,3,vampire1,Minimax+AlphaBeta,102,0.368
5,4,vampire2,A*,27,0.1
5,4,vampire1,Minimax+AlphaBeta,116,0.265
5,5,vampire2,A*,24,0.071
5,5,vampire1,Minimax+AlphaBeta,116,0.249
5,6,vampire2,A*,19,0.12
5,6,vampire1,Minimax+AlphaBeta,108,0.275
5,7,vampire2,A*,14,0.053
5,7,vampire1,Minimax+AlphaBeta,108,0.236
5,8,vampire2,A*,11,0.156
5,8,vampire1,Minimax+AlphaBeta,108,0.289
5,9,vampire2,A*,8,0.073
5,9,vampire1,Minimax+AlphaBeta,108,0.359
5,10,vampire2,A*,8,0.066
5,10,vampire1,Minimax+AlphaBeta,93,0.351
5,11,vampire2,A*,4,0.051
5,11,vampire1,Minimax+AlphaBeta,71,0.203
5,12,vampire2,A*,4,0.052
5,12,vampire1,Minimax+AlphaBeta,68,0.292
5,13,vampire2,A*,4,0.025
5,13,vampire1,Minimax+AlphaBeta,54,0.137
5,14,vampire2,A*,3,0.044
5,14,vampire1,Minimax+AlphaBeta,48,0.255
5,15,vampire2,A*,3,0.04
5,15,vampire1,Minimax+AlphaBeta,68,0.193
5,16,vampire2,A*,3,0.029
5,16,vampire1,Minimax+AlphaBeta,37,0.26
5,17,vampire2,A*,3,0.02
5,17,vampire1,Minimax+AlphaBeta,37,0.105
5,18,vampire2,A*,3,0.022
5,18,vampire1,Minimax+AlphaBeta,37,0.103
5,19,vampire2,A*,3,0.029
5,19,vampire1,Minimax+AlphaBeta,37,0.103
5,20,vampire2,A*,3,0.029
5,20,vampire1,Minimax+AlphaBeta,37,0.173
5,21,vampire2,A*,3,0.034
5,21,vampire1,Minimax+AlphaBeta,37,0.107
5,22,vampire2,A*,3,0.029
5,22,vampire1,Minimax+AlphaBeta,37,0.144
5,23,vampire2,A*,3,0.029
5,23,vampire1,Minimax+AlphaBeta,50,0.365
5,24,vampire2,A*,4,0.045
5,24,vampire1,Minimax+AlphaBeta,119,0.298
5,26,vampire2,A*,6,0.06
5,26,vampire1,Minimax+AlphaBeta,115,0.418
5,27,vampire2,A*,4,0.036
5,27,vampire1,Minimax+AlphaBeta,124,0.35
5,28,vampire2,A*,6,0.032
5,28,vampire1,Minimax+AlphaBeta,92,0.216
5,29,vampire2,A*,5,0.042
5,29,vampire1,Minimax+AlphaBeta,78,0.309
5,30,vampire2,A*,4,0.024
5,30,vampire1,Minimax+AlphaBeta,78,0.298
5,31,vampire2,A*,6,0.038
5,31,vampire1,Minimax+AlphaBeta,69,0.266
5,32,vampire2,A*,6,0.037
5,32,vampire1,Minimax+AlphaBeta,87,0.311
5,33,vampire2,A*,6,0.038
5,33,vampire1,Minimax+AlphaBeta,87,0.333
5,34,vampire2,A*,6,0.055
5,34,vampire1,Minimax+AlphaBeta,87,0.225
5,35,vampire2,A*,2,0.024
5,2,vampire2,A*,22,0.101
5,2,vampire1,Minimax+AlphaBeta,37,0.165
5,3,vampire2,A*,20,0.095
5,3,vampire1,Minimax+AlphaBeta,83,0.2
5,4,vampire2,A*,18,0.08
5,4,vampire1,Minimax+AlphaBeta,100,0.234
5,5,vampire2,A*,15,0.084
5,5,vampire1,Minimax+AlphaBeta,100,0.343
5,6,vampire2,A*,12,0.064
5,6,vampire1,Minimax+AlphaBeta,93,0.498
5,7,vampire2,A*,9,0.052
5,7,vampire1,Minimax+AlphaBeta,93,0.277
5,8,vampire2,A*,7,0.048
5,8,vampire1,Minimax+AlphaBeta,93,0.326
5,9,vampire2,A*,5,0.038
5,9,vampire1,Minimax+AlphaBeta,93,0.327
5,10,vampire2,A*,8,0.05
5,10,vampire1,Minimax+AlphaBeta,107,0.411
5,11,vampire2,A*,8,0.035
5,11,vampire1,Minimax+AlphaBeta,66,0.236
5,12,vampire2,A*,8,0.052
5,12,vampire1,Minimax+AlphaBeta,95,0.37
5,13,vampire2,A*,4,0.024
5,13,vampire1,Minimax+AlphaBeta,83,0.298
5,14,vampire2,A*,3,0.04
5,14,vampire1,Minimax+AlphaBeta,61,0.268
5,15,vampire2,A*,4,0.032
5,15,vampire1,Minimax+AlphaBeta,71,0.259
5,16,vampire2,A*,4,0.041
5,16,vampire1,Minimax+AlphaBeta,55,0.162
5,17,vampire2,A*,4,0.035
5,17,vampire1,Minimax+AlphaBeta,54,0.231
5,18,vampire2,A*,3,0.04
5,18,vampire1,Minimax+AlphaBeta,48,0.206
5,19,vampire2,A*,3,0.041
5,19,vampire1,Minimax+AlphaBeta,68,0.195
5,20,vampire2,A*,3,0.032
5,20,vampire1,Minimax+AlphaBeta,37,0.157
5,21,vampire2,A*,3,0.028
5,21,vampire1,Minimax+AlphaBeta,37,0.158
5,22,vampire2,A*,3,0.039
5,22,vampire1,Minimax+AlphaBeta,37,0.18
5,23,vampire2,A*,3,0.02
5,23,vampire1,Minimax+AlphaBeta,37,0.102
5,24,vampire2,A*,3,0.04
5,24,vampire1,Minimax+AlphaBeta,37,0.194
5,26,vampire2,A*,4,0.035
5,26,vampire1,Minimax+AlphaBeta,41,0.186
5,27,vampire2,A*,4,0.052
5,27,vampire1,Minimax+AlphaBeta,42,0.216
5,28,vampire2,A*,6,0.047
5,28,vampire1,Minimax+AlphaBeta,81,0.358
5,29,vampire2,A*,5,0.039
5,29,vampire1,Minimax+AlphaBeta,111,0.419
5,30,vampire2,A*,4,0.033
5,30,vampire1,Minimax+AlphaBeta,109,0.392
5,31,vampire2,A*,4,0.034
5,31,vampire1,Minimax+AlphaBeta,117,0.4
5,32,vampire2,A*,5,0.054
5,32,vampire1,Minimax+AlphaBeta,95,0.245
5,33,vampire2,A*,6,0.041
5,33,vampire1,Minimax+AlphaBeta,90,0.343
5,34,vampire2,A*,6,0.028
5,34,vampire1,Minimax+AlphaBeta,90,0.202
5,35,vampire2,A*,6,0.042
5,35,vampire1,Minimax+AlphaBeta,90,0.346
5,36,vampire2,A*,6,0.058
5,36,vampire1,Minimax+AlphaBeta,90,0.233
5,37,vampire2,A*,6,0.041
5,37,vampire1,Minimax+AlphaBeta,90,0.345
5,38,vampire2,A*,6,0.056
5,38,vampire1,Minimax+AlphaBeta,94,0.386
5,39,vampire2,A*,6,0.052
5,39,vampire1,Minimax+AlphaBeta,111,0.283
5,40,vampire2,A*,5,0.036
5,40,vampire1,Minimax+AlphaBeta,91,0.216
5,41,vampire2,A*,4,0.051
5,41,vampire1,Minimax+AlphaBeta,30,0.119
5,2,vampire2,A*,22,0.091
5,2,vampire1,Minimax+AlphaBeta,37,0.272
5,3,vampire2,A*,20,0.114
5,3,vampire1,Minimax+AlphaBeta,83,0.214
5,4,vampire2,A*,18,0.106
5,4,vampire1,Minimax+AlphaBeta,100,0.397
5,5,vampire2,A*,15,0.08
5,5,vampire1,Minimax+AlphaBeta,100,0.367
5,6,vampire2,A*,12,0.096
5,6,vampire1,Minimax+AlphaBeta,93,0.396
5,7,vampire2,A*,9,0.077
5,7,vampire1,Minimax+AlphaBeta,93,0.419
5,8,vampire2,A*,7,0.049
5,8,vampire1,Minimax+AlphaBeta,93,0.359
5,9,vampire2,A*,5,0.056
5,9,vampire1,Minimax+AlphaBeta,93,0.237
5,10,vampire2,A*,3,0.027
5,10,vampire1,Minimax+AlphaBeta,71,0.26
5,11,vampire2,A*,4,0.035
5,11,vampire1,Minimax+AlphaBeta,66,0.299
5,12,vampire2,A*,3,0.028
5,12,vampire1,Minimax+AlphaBeta,66,0.248
5,13,vampire2,A*,4,0.036
5,13,vampire1,Minimax+AlphaBeta,72,0.413
5,14,vampire2,A*,4,0.05
5,14,vampire1,Minimax+AlphaBeta,83,0.227
5,15,vampire2,A*,3,0.022
5,15,vampire1,Minimax+AlphaBeta,61,0.151
5,16,vampire2,A*,4,0.024
5,16,vampire1,Minimax+AlphaBeta,71,0.172
5,17,vampire2,A*,4,0.037
5,17,vampire1,Minimax+AlphaBeta,71,0.288
5,18,vampire2,A*,4,0.032
5,18,vampire1,Minimax+AlphaBeta,55,0.212
5,19,vampire2,A*,4,0.035
5,19,vampire1,Minimax+AlphaBeta,54,0.343
5,20,vampire2,A*,3,0.035
5,20,vampire1,Minimax+AlphaBeta,48,0.149
5,21,vampire2,A*,3,0.044
5,21,vampire1,Minimax+AlphaBeta,68,0.339
5,22,vampire2,A*,3,0.032
5,22,vampire1,Minimax+AlphaBeta,37,0.173
5,23,vampire2,A*,3,0.03
5,23,vampire1,Minimax+AlphaBeta,37,0.171
5,24,vampire2,A*,3,0.029
5,24,vampire1,Minimax+AlphaBeta,37,0.175
5,26,vampire2,A*,4,0.047
5,26,vampire1,Minimax+AlphaBeta,41,0.162
5,27,vampire2,A*,4,0.032
5,27,vampire1,Minimax+AlphaBeta,41,0.177
5,28,vampire2,A*,4,0.032
5,28,vampire1,Minimax+AlphaBeta,41,0.163
5,29,vampire2,A*,4,0.032
5,29,vampire1,Minimax+AlphaBeta,42,0.172
5,30,vampire2,A*,6,0.044
5,30,vampire1,Minimax+AlphaBeta,81,0.22
5,31,vampire2,A*,5,0.026
5,31,vampire1,Minimax+AlphaBeta,111,0.246
5,32,vampire2,A*,4,0.036
5,32,vampire1,Minimax+AlphaBeta,109,0.293
5,33,vampire2,A*,5,0.059
5,33,vampire1,Minimax+AlphaBeta,113,0.297
5,34,vampire2,A*,4,0.032
5,34,vampire1,Minimax+AlphaBeta,89,0.315
5,35,vampire2,A*,4,0.031
5,35,vampire1,Minimax+AlphaBeta,83,0.297
5,36,vampire2,A*,4,0.03
5,36,vampire1,Minimax+AlphaBeta,83,0.292
5,37,vampire2,A*,4,0.052
5,37,vampire1,Minimax+AlphaBeta,83,0.276
5,38,vampire2,A*,4,0.031
5,38,vampire1,Minimax+AlphaBeta,83,0.196
5,39,vampire2,A*,4,0.034
5,39,vampire1,Minimax+AlphaBeta,83,0.33
5,40,vampire2,A*,4,0.023
5,40,vampire1,Minimax+AlphaBeta,85,0.194
5,41,vampire2,A*,4,0.047
5,41,vampire1,Minimax+AlphaBeta,91,0.396
5,42,vampire2,A*,4,0.04
5,42,vampire1,Minimax+AlphaBeta,98,0.244
5,43,vampire2,A*,4,0.023
5,43,vampire1,Minimax+AlphaBeta,54,0.13
5,44,vampire2,A*,6,0.051
5,44,vampire1,Minimax+AlphaBeta,58,0.248
5,45,vampire2,A*,6,0.038
5,45,vampire1,Minimax+AlphaBeta,44,0.178
5,2,vampire2,A*,40,0.09
5,2,vampire1,Minimax+AlphaBeta,55,0.257
5,3,vampire2,A*,36,0.112
5,3,vampire1,Minimax+AlphaBeta,84,0.222
5,4,vampire2,A*,27,0.072
5,4,vampire1,Minimax+AlphaBeta,116,0.251
5,5,vampire2,A*,24,0.07
5,5,vampire1,Minimax+AlphaBeta,116,0.253
5,6,vampire2,A*,19,0.13
5,6,vampire1,Minimax+AlphaBeta,108,0.368
5,7,vampire2,A*,14,0.091
5,7,vampire1,Minimax+AlphaBeta,108,0.373
5,8,vampire2,A*,11,0.04
5,8,vampire1,Minimax+AlphaBeta,108,0.246
5,9,vampire2,A*,15,0.085
5,9,vampire1,Minimax+AlphaBeta,81,0.338
5,10,vampire2,A*,5,0.059
5,10,vampire1,Minimax+AlphaBeta,107,0.365
5,11,vampire2,A*,8,0.054
5,11,vampire1,Minimax+AlphaBeta,71,0.245
5,12,vampire2,A*,4,0.044
5,12,vampire1,Minimax+AlphaBeta,71,0.192
5,13,vampire2,A*,4,0.043
5,13,vampire1,Minimax+AlphaBeta,71,0.301
5,14,vampire2,A*,4,0.026
5,14,vampire1,Minimax+AlphaBeta,55,0.205
5,15,vampire2,A*,4,0.025
5,15,vampire1,Minimax+AlphaBeta,54,0.138
5,16,vampire2,A*,3,0.022
5,16,vampire1,Minimax+AlphaBeta,48,0.125
5,17,vampire2,A*,3,0.039
5,17,vampire1,Minimax+AlphaBeta,68,0.303
5,18,vampire2,A*,3,0.048
5,18,vampire1,Minimax+AlphaBeta,37,0.2
5,19,vampire2,A*,3,0.031
5,19,vampire1,Minimax+AlphaBeta,37,0.171
5,20,vampire2,A*,3,0.043
5,20,vampire1,Minimax+AlphaBeta,37,0.13
5,21,vampire2,A*,3,0.043
5,21,vampire1,Minimax+AlphaBeta,37,0.128
5,22,vampire2,A*,3,0.029
5,22,vampire1,Minimax+AlphaBeta,37,0.172
5,23,vampire2,A*,3,0.028
5,23,vampire1,Minimax+AlphaBeta,37,0.332
5,24,vampire2,A*,3,0.033
5,24,vampire1,Minimax+AlphaBeta,37,0.118
5,26,vampire2,A*,6,0.038
5,26,vampire1,Minimax+AlphaBeta,81,0.415
5,27,vampire2,A*,5,0.031
5,27,vampire1,Minimax+AlphaBeta,111,0.243
5,28,vampire2,A*,4,0.049
5,28,vampire1,Minimax+AlphaBeta,109,0.282
5,29,vampire2,A*,5,0.075
5,29,vampire1,Minimax+AlphaBeta,113,0.314
5,30,vampire2,A*,4,0.036
5,30,vampire1,Minimax+AlphaBeta,89,0.503
5,31,vampire2,A*,4,0.035
5,31,vampire1,Minimax+AlphaBeta,83,0.324
5,32,vampire2,A*,4,0.035
5,32,vampire1,Minimax+AlphaBeta,83,0.324
5,33,vampire2,A*,4,0.031
5,33,vampire1,Minimax+AlphaBeta,83,0.334
5,34,vampire2,A*,4,0.031
5,34,vampire1,Minimax+AlphaBeta,83,0.298
5,35,vampire2,A*,4,0.035
5,35,vampire1,Minimax+AlphaBeta,83,0.213
5,36,vampire2,A*,4,0.035
5,36,vampire1,Minimax+AlphaBeta,85,0.235
5,37,vampire2,A*,6,0.043
5,37,vampire1,Minimax+AlphaBeta,111,0.424
5,38,vampire2,A*,5,0.039
5,38,vampire1,Minimax+AlphaBeta,91,0.31
5,39,vampire2,A*,2,0.023
1,3,vampire2,A*,26,0.097
1,3,vampire1,Minimax+AlphaBeta,24,1.181
1,5,vampire2,A*,39,0.712
1,5,vampire1,Minimax+AlphaBeta,42,0.137
1,7,vampire2,A*,53,0.678
1,7,vampire1,Minimax+AlphaBeta,50,0.14
1,9,vampire2,A*,53,0.119
1,9,vampire1,Minimax+AlphaBeta,53,0.132
1,11,vampire2,A*,37,0.119
1,11,vampire1,Minimax+AlphaBeta,55,0.146
1,13,vampire2,A*,21,0.088
1,13,vampire1,Minimax+AlphaBeta,55,0.159
1,15,vampire2,A*,9,0.055
1,15,vampire1,Minimax+AlphaBeta,55,0.209
1,17,vampire2,A*,8,0.057
1,17,vampire1,Minimax+AlphaBeta,55,0.199
1,19,vampire2,A*,12,0.088
1,19,vampire1,Minimax+AlphaBeta,55,0.238
1,21,vampire2,A*,16,0.074
1,21,vampire1,Minimax+AlphaBeta,46,0.143
1,23,vampire2,A*,18,0.126
1,23,vampire1,Minimax+AlphaBeta,46,0.161
1,26,vampire2,A*,18,0.096
1,26,vampire1,Minimax+AlphaBeta,46,0.212
1,28,vampire2,A*,11,0.082
1,28,vampire1,Minimax+AlphaBeta,58,0.257
2,2,vampire2,A*,38,0.136
2,2,vampire1,Minimax+AlphaBeta,22,0.12
2,4,vampire2,A*,38,0.093
2,4,vampire1,Minimax+AlphaBeta,28,0.079
2,6,vampire2,A*,51,0.142
2,6,vampire1,Minimax+AlphaBeta,43,0.129
2,7,vampire2,A*,51,0.157
2,7,vampire1,Minimax+AlphaBeta,45,0.144
2,9,vampire2,A*,43,0.099
2,9,vampire1,Minimax+AlphaBeta,45,0.113
2,11,vampire2,A*,33,0.122
2,11,vampire1,Minimax+AlphaBeta,45,0.172
2,12,vampire2,A*,26,0.122
2,12,vampire1,Minimax+AlphaBeta,45,0.19
2,14,vampire2,A*,17,0.084
2,14,vampire1,Minimax+AlphaBeta,51,0.203
2,16,vampire2,A*,7,0.047
2,16,vampire1,Minimax+AlphaBeta,51,0.192
2,17,vampire2,A*,3,0.03
2,17,vampire1,Minimax+AlphaBeta,49,0.201
2,19,vampire2,A*,4,0.026
2,19,vampire1,Minimax+AlphaBeta,53,0.13
2,21,vampire2,A*,5,0.066
2,21,vampire1,Minimax+AlphaBeta,53,0.209
2,22,vampire2,A*,5,0.043
2,22,vampire1,Minimax+AlphaBeta,53,0.217
2,24,vampire2,A*,10,0.085
2,24,vampire1,Minimax+AlphaBeta,45,0.172
2,26,vampire2,A*,7,0.044
2,26,vampire1,Minimax+AlphaBeta,36,0.147
2,27,vampire2,A*,12,0.058
2,27,vampire1,Minimax+AlphaBeta,33,0.121
2,29,vampire2,A*,14,0.075
2,29,vampire1,Minimax+AlphaBeta,31,0.146
2,31,vampire2,A*,7,0.056
2,31,vampire1,Minimax+AlphaBeta,32,0.119
2,32,vampire2,A*,11,0.094
2,32,vampire1,Minimax+AlphaBeta,32,0.122
2,34,vampire2,A*,16,0.08
2,34,vampire1,Minimax+AlphaBeta,43,0.19
2,36,vampire2,A*,18,0.078
2,36,vampire1,Minimax+AlphaBeta,31,0.104
2,37,vampire2,A*,17,0.054
2,37,vampire1,Minimax+AlphaBeta,31,0.083
2,39,vampire2,A*,18,0.057
2,39,vampire1,Minimax+AlphaBeta,29,0.084
2,41,vampire2,A*,21,0.156
2,41,vampire1,Minimax+AlphaBeta,24,0.074
2,42,vampire2,A*,20,0.096
2,42,vampire1,Minimax+AlphaBeta,23,0.116
2,44,vampire2,A*,23,0.154
2,44,vampire1,Minimax+AlphaBeta,23,0.206
2,46,vampire2,A*,19,0.099
2,46,vampire1,Minimax+AlphaBeta,23,0.121
2,47,vampire2,A*,21,0.127
2,47,vampire1,Minimax+AlphaBeta,25,0.109
2,49,vampire2,A*,22,0.098
2,49,vampire1,Minimax+AlphaBeta,27,0.096
2,51,vampire2,A*,34,0.144
2,51,vampire1,Minimax+AlphaBeta,40,0.178
2,52,vampire2,A*,43,0.183
2,52,vampire1,Minimax+AlphaBeta,41,0.133
2,54,vampire2,A*,56,0.237
2,54,vampire1,Minimax+AlphaBeta,40,0.147
2,56,vampire2,A*,68,0.174
2,56,vampire1,Minimax+AlphaBeta,36,0.109
2,57,vampire2,A*,73,0.2
2,57,vampire1,Minimax+AlphaBeta,36,0.125
2,59,vampire2,A*,72,0.256
2,59,vampire1,Minimax+AlphaBeta,36,0.095
2,61,vampire2,A*,40,0.118
2,61,vampire1,Minimax+AlphaBeta,38,0.163
2,62,vampire2,A*,26,0.116
2,62,vampire1,Minimax+AlphaBeta,51,0.125
2,64,vampire2,A*,16,0.099
2,64,vampire1,Minimax+AlphaBeta,55,0.23
2,66,vampire2,A*,19,0.11
2,66,vampire1,Minimax+AlphaBeta,55,0.25
2,67,vampire2,A*,25,0.068
2,67,vampire1,Minimax+AlphaBeta,53,0.128
2,69,vampire2,A*,26,0.15
2,69,vampire1,Minimax+AlphaBeta,56,0.171
2,71,vampire2,A*,27,0.117
2,71,vampire1,Minimax+AlphaBeta,51,0.147
2,72,vampire2,A*,22,0.113
2,72,vampire1,Minimax+AlphaBeta,51,0.207
2,74,vampire2,A*,15,0.072
2,74,vampire1,Minimax+AlphaBeta,49,0.189
2,76,vampire2,A*,7,0.034
2,76,vampire1,Minimax+AlphaBeta,49,0.123
2,77,vampire2,A*,7,0.049
2,77,vampire1,Minimax+AlphaBeta,40,0.173
2,79,vampire2,A*,6,0.069
2,79,vampire1,Minimax+AlphaBeta,31,0.171
2,81,vampire2,A*,7,0.065
2,81,vampire1,Minimax+AlphaBeta,31,0.119
2,82,vampire2,A*,3,0.042
2,82,vampire1,Minimax+AlphaBeta,33,0.164
2,84,vampire2,A*,4,0.04
2,84,vampire1,Minimax+AlphaBeta,21,0.103
2,86,vampire2,A*,5,0.041
2,86,vampire1,Minimax+AlphaBeta,29,0.137
2,87,vampire2,A*,5,0.061
2,87,vampire1,Minimax+AlphaBeta,26,0.183
2,89,vampire2,A*,6,0.068
2,89,vampire1,Minimax+AlphaBeta,26,0.161
2,91,vampire2,A*,7,0.059
2,91,vampire1,Minimax+AlphaBeta,24,0.126
2,92,vampire2,A*,7,0.051
2,92,vampire1,Minimax+AlphaBeta,28,0.339
2,94,vampire2,A*,8,0.069
2,94,vampire1,Minimax+AlphaBeta,28,0.143
2,96,vampire2,A*,14,0.089
2,96,vampire1,Minimax+AlphaBeta,24,0.102
2,97,vampire2,A*,15,0.134
2,97,vampire1,Minimax+AlphaBeta,23,0.117
2,99,vampire2,A*,18,0.086
2,99,vampire1,Minimax+AlphaBeta,33,0.148
2,101,vampire2,A*,20,0.094
2,101,vampire1,Minimax+AlphaBeta,30,0.141
2,102,vampire2,A*,20,0.105
2,102,vampire1,Minimax+AlphaBeta,30,0.12
2,104,vampire2,A*,22,0.104
2,104,vampire1,Minimax+AlphaBeta,30,0.14
2,106,vampire2,A*,22,0.101
2,106,vampire1,Minimax+AlphaBeta,32,0.146
2,107,vampire2,A*,13,0.126
2,107,vampire1,Minimax+AlphaBeta,35,0.137
2,109,vampire2,A*,25,0.118
2,109,vampire1,Minimax+AlphaBeta,32,0.131
2,111,vampire2,A*,43,0.103
2,111,vampire1,Minimax+AlphaBeta,43,0.107
2,112,vampire2,A*,50,0.149
2,112,vampire1,Minimax+AlphaBeta,36,0.122
2,114,vampire2,A*,61,0.452
2,114,vampire1,Minimax+AlphaBeta,34,0.134
2,116,vampire2,A*,53,0.195
2,116,vampire1,Minimax+AlphaBeta,40,0.176
2,117,vampire2,A*,51,0.22
2,117,vampire1,Minimax+AlphaBeta,40,0.222
2,119,vampire2,A*,38,0.15
2,119,vampire1,Minimax+AlphaBeta,34,0.156
2,121,vampire2,A*,45,0.163
2,121,vampire1,Minimax+AlphaBeta,34,0.14
2,122,vampire2,A*,45,0.186
2,122,vampire1,Minimax+AlphaBeta,36,0.111
3,2,vampire2,A*,53,0.145
3,2,vampire1,Minimax+AlphaBeta,55,0.141
3,3,vampire2,A*,56,0.177
3,3,vampire1,Minimax+AlphaBeta,74,0.259
1,3,vampire2,A*,14,0.073
1,3,vampire1,Minimax+AlphaBeta,8,0.066
1,5,vampire2,A*,28,0.155
1,5,vampire1,Minimax+AlphaBeta,11,0.108
1,8,vampire2,A*,41,0.127
1,8,vampire1,Minimax+AlphaBeta,13,0.072
1,10,vampire2,A*,43,0.108
1,10,vampire1,Minimax+AlphaBeta,15,0.058
1,13,vampire2,A*,26,0.116
1,13,vampire1,Minimax+AlphaBeta,15,0.087
1,15,vampire2,A*,13,0.139
1,15,vampire1,Minimax+AlphaBeta,15,0.101
1,18,vampire2,A*,11,0.088
1,18,vampire1,Minimax+AlphaBeta,17,0.112
1,20,vampire2,A*,10,0.08
1,20,vampire1,Minimax+AlphaBeta,17,0.113
1,23,vampire2,A*,14,0.051
1,23,vampire1,Minimax+AlphaBeta,15,0.057
1,25,vampire2,A*,15,0.075
1,25,vampire1,Minimax+AlphaBeta,13,0.084
1,28,vampire2,A*,27,0.144
1,28,vampire1,Minimax+AlphaBeta,14,0.126
1,30,vampire2,A*,22,0.088
1,30,vampire1,Minimax+AlphaBeta,16,0.094
2,2,vampire2,A*,38,0.084
2,2,vampire1,Minimax+AlphaBeta,9,0.04
2,4,vampire2,A*,56,0.235
2,4,vampire1,Minimax+AlphaBeta,11,0.078
2,6,vampire2,A*,51,0.186
2,6,vampire1,Minimax+AlphaBeta,11,0.073
2,8,vampire2,A*,44,0.196
2,8,vampire1,Minimax+AlphaBeta,12,0.074
2,10,vampire2,A*,60,0.209
2,10,vampire1,Minimax+AlphaBeta,12,0.085
2,12,vampire2,A*,66,0.225
2,12,vampire1,Minimax+AlphaBeta,9,0.066
2,14,vampire2,A*,78,0.162
2,14,vampire1,Minimax+AlphaBeta,12,0.049
2,16,vampire2,A*,102,0.334
2,16,vampire1,Minimax+AlphaBeta,12,0.076
2,18,vampire2,A*,77,0.195
2,18,vampire1,Minimax+AlphaBeta,12,0.076
2,20,vampire2,A*,51,0.171
2,20,vampire1,Minimax+AlphaBeta,9,0.076
2,22,vampire2,A*,28,0.114
2,22,vampire1,Minimax+AlphaBeta,11,0.064
2,24,vampire2,A*,8,0.054
2,24,vampire1,Minimax+AlphaBeta,12,0.078
2,26,vampire2,A*,12,0.064
2,26,vampire1,Minimax+AlphaBeta,17,0.287
2,28,vampire2,A*,14,0.074
2,28,vampire1,Minimax+AlphaBeta,16,0.09
3,2,vampire2,A*,61,0.214
3,2,vampire1,Minimax+AlphaBeta,13,0.088
